{
  "activateSkinCapeForUserVersion": false,
  "skipHashsumValidation": false,
  "additionalFiles": [
    {
      "sha1": "045d6edac8fe1b004e159c49704b5b729f551079",
      "size": 9118806,
      "path": "libraries/net/minecraft/client/1.16.5-20210115.111550/client-1.16.5-20210115.111550-slim.jar",
      "url": "http://res.tlauncher.org/unb/libraries/cache/net/minecraft/client/1.16.5-20210115.111550/client-1.16.5-20210115.111550-slim.jar"
    },
    {
      "sha1": "0202b5336b409793b4d27eb66014d6209376f7b1",
      "size": 11352644,
      "path": "libraries/net/minecraft/client/1.16.5-20210115.111550/client-1.16.5-20210115.111550-srg.jar",
      "url": "http://res.tlauncher.org/unb/libraries/cache/net/minecraft/client/1.16.5-20210115.111550/client-1.16.5-20210115.111550-srg-0202b5336b409793b4d27eb66014d6209376f7b1.jar"
    },
    {
      "sha1": "4aef4168f94d97bc73bf510213b2518942f931d1",
      "size": 8428369,
      "path": "libraries/net/minecraft/client/1.16.5-20210115.111550/client-1.16.5-20210115.111550-extra.jar",
      "url": "http://res.tlauncher.org/unb/libraries/cache/net/minecraft/client/1.16.5-20210115.111550/client-1.16.5-20210115.111550-extra.jar"
    },
    {
      "sha1": "807540b167214a81684716fa0d6e92566ae14a04",
      "size": 2504067,
      "path": "libraries/net/minecraftforge/forge/1.16.5-36.2.39/forge-1.16.5-36.2.39-universal.jar",
      "url": "http://res.tlauncher.org/unb/libraries/cache/net/minecraftforge/forge/1.16.5-36.2.39/forge-1.16.5-36.2.39-universal.jar"
    },
    {
      "sha1": "07678ff3edd6990a75bf0707ad2dbb2315b8000f",
      "size": 4216473,
      "path": "libraries/net/minecraftforge/forge/1.16.5-36.2.39/forge-1.16.5-36.2.39-client.jar",
      "url": "http://res.tlauncher.org/unb/libraries/cache/net/minecraftforge/forge/1.16.5-36.2.39/forge-1.16.5-36.2.39-client.jar"
    }
  ],
  "tlauncherVersion": 0,
  "modpack": {
    "modpackMemory": true,
    "memory": 9992,
    "id": -82466007047200,
    "name": "Barrocraft 1.16.5",
    "favorite": false,
    "version": {
      "mods": [
        {
          "stateGameElement": "active",
          "id": 10000020,
          "name": "TL skin and cape",
          "favorite": false,
          "version": {
            "id": 11001784,
            "name": "1.17",
            "metadata": {
              "sha1": "2b8ece879ce18b789b32190a32ab26be9f688213",
              "size": 450392,
              "path": "mods/tl_skin_cape_forge_1.16.5-1.17.jar",
              "url": "/mods/10000020/11001784/tl_skin_cape_forge_1.16.5-1.17.jar"
            },
            "available": false
          },
          "userInstall": false,
          "populateStatus": false,
          "available": false,
          "parser": false
        }
      ],
      "resourcePacks": [],
      "maps": [],
      "shaderpacks": [],
      "gameVersionDTO": {
        "id": 31,
        "name": "1.16.5"
      },
      "minecraftVersionName": {
        "id": 3267,
        "name": "36.2.39"
      },
      "id": -82466007061301,
      "name": "1.0",
      "available": false,
      "minecraftVersionTypes": [
        {
          "id": 1,
          "name": "forge"
        }
      ]
    },
    "userInstall": false,
    "populateStatus": false,
    "available": false,
    "parser": false
  },
  "source": "local_version_repo",
  "jar": "1.16.5",
  "skinVersion": true
}